{
  "project_info": {
    "project_number": "9466081389",
    "firebase_url": "https://test-6cb82.firebaseio.com",
    "project_id": "test-6cb82",
    "storage_bucket": "test-6cb82.appspot.com"
  },
  "client": [
    {
      "client_info": {
        "mobilesdk_app_id": "1:9466081389:android:3f50d82739b713f7a7cf64",
        "android_client_info": {
          "package_name": "com.example.myapplication"
        }
      },
      "oauth_client": [
        {
          "client_id": "9466081389-m5k24njt28nova7f2rqmlat9hahg3046.apps.googleusercontent.com",
          "client_type": 3
        }
      ],
      "api_key": [
        {
          "current_key": "AIzaSyC4E-5pZxEQgTDjK7RtQxPV6ulQ2nBAJOE"
        }
      ],
      "services": {
        "appinvite_service": {
          "other_platform_oauth_client": [
            {
              "client_id": "9466081389-m5k24njt28nova7f2rqmlat9hahg3046.apps.googleusercontent.com",
              "client_type": 3
            }
          ]
        }
      }
    }
  ],
  "configuration_version": "1"
}